플랫폼,전체 콘텐츠,AI 관련,AI 비율(%)
인프런,535,535,100.0
부트캠프,124,96,77.41935483870968
요즘IT,600,266,44.333333333333336
